{
    "老师": 0.029844560825818003,
    "有没有": 0.028716984059488013,
    "学校": 0.02351831414207891,
    "有偿": 0.02028189865757621,
    "图书馆": 0.01750092692427439,
    "毕业": 0.016089797895895135,
    "外卖": 0.01594156992530334,
    "难过": 0.015439603506227303,
    "复习": 0.01528763332217304,
    "实习": 0.0146216959252149,
    "感觉": 0.01456766141108094,
    "同学": 0.014562133151236873,
    "有人": 0.013881136862075125,
    "考研": 0.013766790867892186,
    "期末": 0.013746695856104685,
    "校标裁": 0.012490472228694772,
    "正装": 0.012490472228694772,
    "裁缝店": 0.012490472228694772,
    "请问": 0.012446835270625466,
    "宿舍": 0.011866474873030197,
    "考试": 0.011860107530653084,
    "特别": 0.011372867942425589,
    "往年": 0.011343514145914535,
    "暑假": 0.010526093455589115,
    "东西": 0.009944389750940814,
    "卷子": 0.009875318713446534,
    "晚上": 0.009717443168597312,
    "大三": 0.00969032612779101,
    "同方向": 0.009584633800977403,
    "求问": 0.009348158908507449,
    "发展": 0.00930507476748643,
    "闺蜜往": 0.00930507476748643,
    "电动车": 0.009059544810306509,
    "问问": 0.009052314409569037,
    "闲置": 0.008977050430420687,
    "健身": 0.008945703883666736,
    "平衡": 0.008928655391540983,
    "大学毕业": 0.008711748241089709,
    "高中毕业": 0.008711748241089709,
    "孩子": 0.00868222632755556,
    "两个": 0.008545662015032056,
    "拼车": 0.008395917137783955,
    "每次": 0.008220532524219872,
    "出声": 0.0078094061583285634,
    "个头": 0.007795554578955705,
    "力竭": 0.007795554578955705,
    "重量": 0.007795554578955705,
    "资料": 0.007708028965455789,
    "真题": 0.007621871970073676,
    "重点": 0.007612058624534043,
    "真的": 0.007494554456244528,
    "朋友": 0.00738749188124579,
    "全新": 0.007306271410369788,
    "时间": 0.00728542494394873,
    "成绩": 0.00720447695394586,
    "联系方式": 0.00712568423114177,
    "收插排": 0.007,
    "价格": 0.006992190230186256,
    "学长": 0.006975967753358455,
    "微信": 0.006932011524981798,
    "出书": 0.006786354780517688,
    "经济法": 0.006763368000865547,
    "学期": 0.006732661773139663,
    "快递": 0.006694721180063834,
    "周二": 0.006621059264237137,
    "小刀": 0.00656273296879164,
    "一点": 0.006562385636438212,
    "全网": 0.006498205660366349,
    "热度": 0.006498205660366349,
    "教室": 0.006352838773412233,
    "带价来": 0.006342217085294485,
    "学姐": 0.006311297470347533,
    "英语": 0.006309310629705725,
    "送到": 0.006136826083664092,
    "自取": 0.006052239748132162,
    "发现自己": 0.0060297522527819085,
    "发现": 0.005951565645052686,
    "复习资料": 0.00594138926200896,
    "谢谢": 0.005894772325261763,
    "平时": 0.005857029507437487,
    "女生": 0.005827495853690474,
    "地方": 0.005825371662926088,
    "自提": 0.005794574818753746,
    "会计": 0.005790993410372082,
    "床位": 0.005782441293855324,
    "数理统计": 0.005683577232020022,
    "推荐": 0.0056695488973815,
    "有意者": 0.005584564700724108,
    "北京": 0.005577443825250033,
    "专业": 0.005474123584196434,
    "二手": 0.005471170133477567,
    "内容": 0.005469247355679526,
    "原价": 0.005412507512011622,
    "手机": 0.005354178017810341,
    "一本": 0.005342321783705014,
    "早上": 0.005309335390835361,
    "作业": 0.005300495804270061,
    "校园": 0.005215473264457255,
    "菜鸟": 0.005169310786455791,
    "基础": 0.005166665992222242,
    "大学": 0.005150750667834354,
    "行政法": 0.005118046377774349,
    "期末试卷": 0.0049740117008318045,
    "便宜": 0.004838111674433955,
    "耳机": 0.004829610910145519,
    "求租": 0.004811869843512732,
    "下午": 0.004798262812637114,
    "小学": 0.0046748179581982165,
    "试卷": 0.0046667459099208825,
    "学院路": 0.004633677340427384,
    "大二": 0.004614751085288838,
    "初高中": 0.004612361080001263,
    "发出声音": 0.004612361080001263,
    "憋着": 0.004612361080001263,
    "打包": 0.004527884979421733,
    "下沙": 0.004520280781187304,
    "专业课": 0.0044416901876047285,
    "学习": 0.004440971047679914,
    "中国": 0.004436815250207528,
    "求求": 0.004433373242914769,
    "工程": 0.0044127922871757316,
    "历年": 0.004393522340812538,
    "分析": 0.004345695366954742,
    "浦东": 0.004324506670145381,
    "学分": 0.004301322474660149,
    "题型": 0.004275187132797814,
    "代取": 0.004255401202594908,
    "空调": 0.004252098642550745,
    "代课": 0.0042292260789795495,
    "驿站": 0.0041895974430703805,
    "经济学": 0.004186023082679456,
    "衣服": 0.004153692835042744,
    "去年": 0.004147135193788483,
    "自行车": 0.004133355371902406,
    "有无": 0.0041047614895418135,
    "回家": 0.004103352033631029,
    "计算器": 0.004102975415207452,
    "我要": 0.0040730220212468575,
    "管理": 0.004044173278859177,
    "提前": 0.0040138717594472816,
    "啊啊啊": 0.0040133582664932145,
    "可刀": 0.003987879782909158,
    "笔记": 0.003970121798660797,
    "会计学": 0.003967801599515351,
    "松江": 0.00394787441631455,
    "帮忙": 0.003939786932084223,
    "不想": 0.0038416174365873104,
    "屏峰": 0.003806328643501599,
    "情况": 0.0038056018750961852,
    "为啥": 0.0038002465331612727
}